Healthsystem,City,State
Enloe Health Regional Cancer Center,Chico,California
Hartford HealthCare,Hartford,Connecticut
University of Utah Health,Salt Lake City,Utah
Intermountain Healthcare,Salt Lake City,Utah
Johns Hopkins Health System,Baltimore,Maryland
Memorial Sloan Kettering Cancer Center,New York,New York
Nebraska Medicine,Omaha,Nebraska
New York - Presbyterian,New York,New York
Novant Health,Winston-Salem,North Carolina
Oklahoma Cancer Specialists and Research Institute,Oklahoma City,Oklahoma
Oregon Health & Science University,Portland,Oregon
Penn Medicine,Philadelphia,Pennsylvania
SSM Health,St. Louis,Missouri
Stanford Medicine,Stanford,California
Texas Oncology,Texas (Various Locations),Texas
University of Colorado Health,Aurora,Colorado
UCSF Health,San Francisco,California
Vanderbilt-Ingram Cancer Center,Nashville,Tennessee
Atrium Health Wake Forest Baptist,Winston-Salem,North Carolina
Yale New Haven Health System,New Haven,Connecticut
Baptist Health (Jacksonville FL),Jacksonville,Florida
Baptist Health (Jacksonville FL),Jacksonville,Florida
Baylor Scott & White Health,Dallas,Texas
Childrens Hospital & Medical Center,Omaha,Nebraska
CommonSpirit Health,Denver,Colorado
CommonSpirit Health,Denver,Colorado
Cone Health,Greensboro,North Carolina
Gundersen Health System,La Crosse,Wisconsin
Hartford HealthCare,Hartford,Connecticut
Intermountain Healthcare,Salt Lake City,Utah
Lee Health,Fort Myers,Florida
Memorial Hospital,Marysville,Ohio
Monument Health,Rapid City,South Dakota
Mount Nittany Health,State College,Pennsylvania
MultiCare Health System,Tacoma,Washington
Medical University of South Carolina,Charleston,South Carolina
Northwell Health,New Hyde Park,New York
Novant Health,Winston-Salem,North Carolina
Ochsner Health System,Jefferson,Louisiana
OhioHealth,Columbus,Ohio
OhioHealth,Columbus,Ohio
Oregon Health and Science University,Portland,Oregon
OrthoNebraska,Omaha,Nebraska
Providence St Joseph Health,Renton,Washington
RUSH University Medical Center,Chicago,Illinois
SUNY Upstate Medical University,Syracuse,New York
Texas Healthcare System,Texas (Various Locations),Texas
UCHealth,Aurora,Colorado
The University of Kansas Health System,Kansas City,Kansas
University of Utah Health,Salt Lake City,Utah
WakeMed Health and Hospitals,Raleigh,North Carolina
Health First,Rockledge,Florida
Hendrick Health,Abilene,Texas
Leading Indiana Health System,Indiana (Various Locations),Indiana
Sarasota Memorial Health Care System,Sarasota,Florida
Springhill Medical Center,Mobile,Alabama
Vanderbilt Health,Nashville,Tennessee
Emory Healthcare,Atlanta,Georgia
Kelsey-Seybold Clinic,Pearland,Texas
Fred Hutch Cancer Center,Seattle,Washington
Missouri Baptist,St. Louis,Missouri
Billings Clinic,Billings,Montana
Duke Cancer Institute,Durham,North Carolina
McLaren Health,Grand Blanc,Michigan
Lexington Medical Center,West Columbia,South Carolina
Baptist Health (Arkansas),Little Rock,Arkansas
